movie_id,matrix_id
1,0
2,1
3,2
4,3
5,4
6,5
7,6
9,7
10,8
11,9
12,10
13,11
14,12
15,13
16,14
17,15
18,16
19,17
20,18
21,19
23,20
25,21
26,22
27,23
28,24
31,25
34,26
36,27
38,28
39,29
41,30
43,31
44,32
45,33
46,34
48,35
49,36
52,37
53,38
54,39
55,40
57,41
60,42
61,43
62,44
63,45
65,46
66,47
69,48
71,49
72,50
74,51
76,52
79,53
81,54
86,55
87,56
88,57
89,58
92,59
93,60
94,61
95,62
96,63
99,64
100,65
101,66
102,67
103,68
104,69
105,70
107,71
110,72
111,73
113,74
116,75
117,76
118,77
121,78
122,79
126,80
129,81
137,82
141,83
145,84
146,85
147,86
148,87
149,88
150,89
151,90
152,91
153,92
155,93
156,94
157,95
158,96
159,97
160,98
161,99
162,100
163,101
164,102
166,103
168,104
169,105
170,106
171,107
172,108
173,109
174,110
175,111
176,112
177,113
179,114
180,115
181,116
184,117
185,118
187,119
189,120
190,121
191,122
193,123
194,124
195,125
196,126
198,127
201,128
202,129
204,130
205,131
206,132
207,133
208,134
209,135
210,136
211,137
212,138
215,139
216,140
217,141
218,142
219,143
220,144
222,145
223,146
224,147
225,148
227,149
230,150
233,151
234,152
235,153
236,154
237,155
239,156
240,157
241,158
243,159
246,160
247,161
248,162
251,163
252,164
254,165
256,166
257,167
258,168
261,169
262,170
266,171
267,172
270,173
272,174
274,175
275,176
276,177
277,178
278,179
280,180
281,181
282,182
283,183
287,184
289,185
290,186
294,187
295,188
296,189
300,190
303,191
304,192
312,193
313,194
314,195
315,196
316,197
317,198
318,199
319,200
320,201
322,202
327,203
330,204
331,205
332,206
334,207
337,208
338,209
339,210
340,211
383,212
384,213
385,214
386,215
387,216
391,217
393,218
408,219
409,220
410,221
412,222
413,223
414,224
415,225
416,226
417,227
419,228
421,229
423,230
424,231
425,232
426,233
427,234
428,235
429,236
431,237
432,238
433,239
434,240
435,241
436,242
438,243
440,244
441,245
442,246
444,247
445,248
448,249
449,250
451,251
452,252
453,253
454,254
455,255
456,256
457,257
458,258
459,259
460,260
461,261
464,262
466,263
467,264
469,265
471,266
472,267
474,268
475,269
478,270
479,271
480,272
481,273
482,274
484,275
485,276
486,277
487,278
488,279
489,280
490,281
491,282
492,283
493,284
494,285
497,286
499,287
500,288
501,289
502,290
505,291
506,292
507,293
508,294
509,295
510,296
511,297
512,298
513,299
514,300
515,301
516,302
519,303
520,304
521,305
522,306
523,307
527,308
528,309
529,310
531,311
532,312
533,313
534,314
535,315
537,316
538,317
539,318
540,319
541,320
543,321
544,322
546,323
547,324
548,325
550,326
551,327
552,328
553,329
555,330
556,331
558,332
562,333
563,334
564,335
568,336
569,337
574,338
575,339
577,340
580,341
585,342
586,343
587,344
589,345
590,346
592,347
593,348
594,349
595,350
596,351
597,352
599,353
600,354
602,355
606,356
608,357
609,358
610,359
611,360
612,361
613,362
618,363
627,364
628,365
633,366
634,367
635,368
637,369
638,370
639,371
640,372
647,373
648,374
653,375
656,376
661,377
662,378
663,379
665,380
671,381
673,382
674,383
678,384
685,385
688,386
691,387
694,388
695,389
697,390
698,391
700,392
703,393
704,394
708,395
709,396
710,397
711,398
714,399
719,400
724,401
726,402
728,403
731,404
733,405
736,406
737,407
742,408
743,409
747,410
748,411
759,412
760,413
761,414
762,415
764,416
765,417
766,418
773,419
775,420
778,421
779,422
781,423
782,424
783,425
784,426
785,427
788,428
795,429
798,430
799,431
800,432
801,433
803,434
804,435
805,436
806,437
810,438
828,439
829,440
830,441
832,442
833,443
835,444
836,445
837,446
839,447
840,448
848,449
849,450
851,451
852,452
858,453
866,454
867,455
869,456
879,457
880,458
881,459
882,460
885,461
886,462
892,463
893,464
897,465
898,466
899,467
900,468
901,469
902,470
903,471
904,472
905,473
906,474
907,475
908,476
909,477
910,478
911,479
912,480
913,481
914,482
916,483
917,484
918,485
919,486
920,487
921,488
923,489
924,490
926,491
927,492
928,493
929,494
930,495
931,496
932,497
933,498
934,499
935,500
936,501
937,502
938,503
940,504
941,505
942,506
943,507
944,508
945,509
946,510
948,511
949,512
951,513
952,514
953,515
954,516
955,517
956,518
959,519
961,520
963,521
965,522
968,523
969,524
970,525
971,526
973,527
976,528
979,529
982,530
984,531
986,532
987,533
988,534
990,535
991,536
994,537
996,538
998,539
999,540
1003,541
1004,542
1005,543
1006,544
1010,545
1011,546
1012,547
1013,548
1014,549
1015,550
1016,551
1017,552
1018,553
1020,554
1021,555
1022,556
1023,557
1024,558
1025,559
1027,560
1028,561
1030,562
1031,563
1032,564
1033,565
1034,566
1035,567
1036,568
1037,569
1040,570
1041,571
1042,572
1043,573
1046,574
1049,575
1050,576
1051,577
1053,578
1054,579
1055,580
1056,581
1057,582
1060,583
1064,584
1066,585
1068,586
1073,587
1076,588
1077,589
1078,590
1079,591
1080,592
1082,593
1083,594
1084,595
1085,596
1086,597
1088,598
1089,599
1090,600
1091,601
1092,602
1093,603
1094,604
1095,605
1096,606
1097,607
1099,608
1100,609
1101,610
1103,611
1104,612
1105,613
1112,614
1114,615
1119,616
1120,617
1124,618
1125,619
1126,620
1127,621
1128,622
1129,623
1131,624
1135,625
1136,626
1140,627
1144,628
1147,629
1162,630
1167,631
1171,632
1175,633
1178,634
1179,635
1180,636
1183,637
1184,638
1185,639
1187,640
1188,641
1189,642
1191,643
1192,644
1193,645
1197,646
1199,647
1200,648
1203,649
1204,650
1206,651
1207,652
1208,653
1212,654
1213,655
1214,656
1215,657
1217,658
1219,659
1220,660
1222,661
1224,662
1225,663
1227,664
1228,665
1230,666
1231,667
1232,668
1234,669
1236,670
1238,671
1240,672
1242,673
1244,674
1245,675
1246,676
1247,677
1248,678
1250,679
1252,680
1253,681
1254,682
1255,683
1256,684
1258,685
1262,686
1263,687
1264,688
1265,689
1266,690
1267,691
1268,692
1269,693
1270,694
1271,695
1272,696
1274,697
1275,698
1276,699
1277,700
1278,701
1279,702
1281,703
1282,704
1283,705
1285,706
1286,707
1287,708
1288,709
1290,710
1291,711
1292,712
1293,713
1295,714
1297,715
1299,716
1301,717
1302,718
1303,719
1304,720
1307,721
1310,722
1321,723
1323,724
1326,725
1327,726
1328,727
1330,728
1331,729
1333,730
1334,731
1335,732
1336,733
1341,734
1342,735
1343,736
1344,737
1345,738
1346,739
1347,740
1350,741
1353,742
1354,743
1355,744
1356,745
1357,746
1358,747
1359,748
1361,749
1363,750
1365,751
1366,752
1367,753
1370,754
1371,755
1372,756
1373,757
1374,758
1375,759
1376,760
1377,761
1378,762
1379,763
1380,764
1381,765
1382,766
1387,767
1388,768
1389,769
1390,770
1391,771
1392,772
1394,773
1395,774
1396,775
1397,776
1398,777
1399,778
1401,779
1405,780
1406,781
1407,782
1408,783
1409,784
1411,785
1412,786
1413,787
1414,788
1416,789
1417,790
1419,791
1422,792
1423,793
1425,794
1426,795
1427,796
1428,797
1431,798
1432,799
1437,800
1438,801
1439,802
1440,803
1441,804
1442,805
1445,806
1447,807
1449,808
1453,809
1454,810
1456,811
1457,812
1458,813
1459,814
1460,815
1464,816
1465,817
1466,818
1468,819
1475,820
1476,821
1477,822
1479,823
1480,824
1483,825
1484,826
1485,827
1487,828
1488,829
1489,830
1496,831
1498,832
1500,833
1502,834
1503,835
1507,836
1513,837
1515,838
1516,839
1517,840
1518,841
1519,842
1526,843
1527,844
1541,845
1542,846
1544,847
1545,848
1546,849
1547,850
1551,851
1554,852
1556,853
1562,854
1565,855
1566,856
1569,857
1573,858
1581,859
1582,860
1583,861
1585,862
1586,863
1587,864
1588,865
1589,866
1590,867
1591,868
1592,869
1593,870
1594,871
1597,872
1599,873
1600,874
1601,875
1602,876
1603,877
1605,878
1606,879
1608,880
1610,881
1611,882
1613,883
1614,884
1615,885
1616,886
1617,887
1619,888
1620,889
1621,890
1624,891
1625,892
1626,893
1627,894
1631,895
1633,896
1635,897
1639,898
1641,899
1644,900
1645,901
1647,902
1648,903
1650,904
1652,905
1653,906
1654,907
1656,908
1658,909
1659,910
1660,911
1661,912
1662,913
1663,914
1665,915
1667,916
1670,917
1672,918
1673,919
1674,920
1675,921
1676,922
1677,923
1678,924
1679,925
1680,926
1681,927
1682,928
1683,929
1686,930
1687,931
1688,932
1689,933
1693,934
1694,935
1695,936
1699,937
1701,938
1702,939
1703,940
1704,941
1707,942
1711,943
1717,944
1719,945
1721,946
1722,947
1727,948
1729,949
1730,950
1731,951
1732,952
1733,953
1735,954
1746,955
1747,956
1748,957
1752,958
1753,959
1754,960
1760,961
1762,962
1769,963
1770,964
1772,965
1777,966
1783,967
1784,968
1785,969
1791,970
1792,971
1794,972
1797,973
1798,974
1799,975
1801,976
1804,977
1810,978
1821,979
1824,980
1825,981
1826,982
1827,983
1829,984
1831,985
1833,986
1834,987
1835,988
1836,989
1837,990
1839,991
1840,992
1841,993
1845,994
1848,995
1855,996
1856,997
1862,998
1863,999
1866,1000
1867,1001
1875,1002
1876,1003
1881,1004
1882,1005
1883,1006
1884,1007
1887,1008
1888,1009
1889,1010
1892,1011
1895,1012
1897,1013
1904,1014
1906,1015
1907,1016
1910,1017
1911,1018
1912,1019
1913,1020
1914,1021
1917,1022
1918,1023
1919,1024
1920,1025
1923,1026
1924,1027
1926,1028
1927,1029
1928,1030
1929,1031
1931,1032
1932,1033
1933,1034
1934,1035
1936,1036
1937,1037
1938,1038
1939,1039
1940,1040
1941,1041
1942,1042
1944,1043
1945,1044
1946,1045
1947,1046
1948,1047
1949,1048
1950,1049
1951,1050
1952,1051
1953,1052
1954,1053
1955,1054
1956,1055
1957,1056
1958,1057
1959,1058
1960,1059
1961,1060
1962,1061
1964,1062
1965,1063
1966,1064
1967,1065
1968,1066
1969,1067
1970,1068
1971,1069
1972,1070
1974,1071
1975,1072
1979,1073
1980,1074
1981,1075
1982,1076
1983,1077
1984,1078
1985,1079
1987,1080
1991,1081
1992,1082
1993,1083
1994,1084
1995,1085
1996,1086
1997,1087
1998,1088
1999,1089
2000,1090
2001,1091
2002,1092
2003,1093
2004,1094
2005,1095
2009,1096
2010,1097
2011,1098
2012,1099
2013,1100
2016,1101
2017,1102
2018,1103
2020,1104
2021,1105
2022,1106
2024,1107
2025,1108
2026,1109
2028,1110
2032,1111
2033,1112
2034,1113
2035,1114
2036,1115
2037,1116
2038,1117
2040,1118
2041,1119
2042,1120
2043,1121
2046,1122
2048,1123
2050,1124
2051,1125
2052,1126
2055,1127
2056,1128
2058,1129
2059,1130
2060,1131
2064,1132
2065,1133
2066,1134
2067,1135
2069,1136
2070,1137
2071,1138
2073,1139
2075,1140
2076,1141
2077,1142
2078,1143
2080,1144
2081,1145
2083,1146
2084,1147
2087,1148
2088,1149
2089,1150
2090,1151
2092,1152
2093,1153
2094,1154
2095,1155
2098,1156
2099,1157
2100,1158
2102,1159
2103,1160
2104,1161
2105,1162
2106,1163
2108,1164
2109,1165
2110,1166
2112,1167
2114,1168
2115,1169
2116,1170
2118,1171
2119,1172
2120,1173
2121,1174
2122,1175
2123,1176
2124,1177
2126,1178
2130,1179
2133,1180
2134,1181
2135,1182
2137,1183
2138,1184
2139,1185
2140,1186
2141,1187
2142,1188
2143,1189
2144,1190
2145,1191
2146,1192
2147,1193
2148,1194
2149,1195
2150,1196
2153,1197
2154,1198
2159,1199
2160,1200
2162,1201
2164,1202
2166,1203
2167,1204
2169,1205
2170,1206
2171,1207
2174,1208
2175,1209
2176,1210
2178,1211
2179,1212
2180,1213
2181,1214
2182,1215
2184,1216
2185,1217
2186,1218
2187,1219
2188,1220
2194,1221
2195,1222
2196,1223
2201,1224
2202,1225
2203,1226
2205,1227
2206,1228
2207,1229
2208,1230
2210,1231
2211,1232
2212,1233
2226,1234
2227,1235
2231,1236
2232,1237
2236,1238
2240,1239
2241,1240
2243,1241
2245,1242
2247,1243
2248,1244
2252,1245
2253,1246
2255,1247
2256,1248
2257,1249
2259,1250
2260,1251
2261,1252
2263,1253
2264,1254
2266,1255
2267,1256
2268,1257
2269,1258
2271,1259
2272,1260
2273,1261
2275,1262
2279,1263
2280,1264
2282,1265
2283,1266
2286,1267
2287,1268
2288,1269
2289,1270
2290,1271
2291,1272
2292,1273
2294,1274
2296,1275
2297,1276
2302,1277
2303,1278
2306,1279
2310,1280
2311,1281
2312,1282
2314,1283
2316,1284
2318,1285
2320,1286
2321,1287
2323,1288
2325,1289
2327,1290
2328,1291
2329,1292
2331,1293
2332,1294
2333,1295
2334,1296
2335,1297
2336,1298
2337,1299
2338,1300
2340,1301
2342,1302
2344,1303
2346,1304
2347,1305
2348,1306
2349,1307
2350,1308
2352,1309
2353,1310
2354,1311
2355,1312
2356,1313
2361,1314
2362,1315
2367,1316
2368,1317
2369,1318
2370,1319
2371,1320
2373,1321
2376,1322
2377,1323
2378,1324
2379,1325
2380,1326
2381,1327
2383,1328
2384,1329
2385,1330
2387,1331
2389,1332
2390,1333
2391,1334
2393,1335
2394,1336
2395,1337
2396,1338
2398,1339
2399,1340
2400,1341
2401,1342
2404,1343
2405,1344
2406,1345
2407,1346
2408,1347
2409,1348
2410,1349
2411,1350
2412,1351
2413,1352
2414,1353
2416,1354
2417,1355
2418,1356
2419,1357
2420,1358
2421,1359
2422,1360
2424,1361
2425,1362
2427,1363
2428,1364
2429,1365
2430,1366
2431,1367
2432,1368
2433,1369
2435,1370
2436,1371
2439,1372
2442,1373
2443,1374
2446,1375
2447,1376
2448,1377
2450,1378
2451,1379
2454,1380
2455,1381
2456,1382
2457,1383
2458,1384
2460,1385
2463,1386
2465,1387
2468,1388
2469,1389
2470,1390
2473,1391
2474,1392
2475,1393
2476,1394
2477,1395
2481,1396
2485,1397
2488,1398
2490,1399
2491,1400
2492,1401
2494,1402
2497,1403
2498,1404
2500,1405
2501,1406
2502,1407
2504,1408
2506,1409
2511,1410
2513,1411
2515,1412
2517,1413
2518,1414
2520,1415
2521,1416
2522,1417
2523,1418
2524,1419
2525,1420
2526,1421
2527,1422
2528,1423
2529,1424
2530,1425
2531,1426
2532,1427
2534,1428
2535,1429
2537,1430
2538,1431
2539,1432
2540,1433
2541,1434
2546,1435
2548,1436
2550,1437
2551,1438
2552,1439
2555,1440
2558,1441
2559,1442
2560,1443
2563,1444
2565,1445
2567,1446
2568,1447
2570,1448
2571,1449
2572,1450
2573,1451
2579,1452
2580,1453
2581,1454
2583,1455
2586,1456
2587,1457
2589,1458
2596,1459
2597,1460
2598,1461
2599,1462
2605,1463
2606,1464
2607,1465
2611,1466
2612,1467
2613,1468
2615,1469
2616,1470
2617,1471
2623,1472
2629,1473
2633,1474
2634,1475
2639,1476
2640,1477
2641,1478
2642,1479
2643,1480
2648,1481
2651,1482
2652,1483
2654,1484
2655,1485
2657,1486
2659,1487
2660,1488
2661,1489
2662,1490
2664,1491
2665,1492
2669,1493
2671,1494
2672,1495
2674,1496
2676,1497
2677,1498
2681,1499
2682,1500
2683,1501
2687,1502
2688,1503
2690,1504
2693,1505
2694,1506
2695,1507
2697,1508
2699,1509
2701,1510
2702,1511
2706,1512
2707,1513
2710,1514
2712,1515
2713,1516
2717,1517
2718,1518
2720,1519
2722,1520
2723,1521
2724,1522
2725,1523
2727,1524
2728,1525
2730,1526
2733,1527
2734,1528
2735,1529
2736,1530
2737,1531
2738,1532
2739,1533
2741,1534
2743,1535
2745,1536
2746,1537
2747,1538
2748,1539
2749,1540
2750,1541
2751,1542
2752,1543
2754,1544
2757,1545
2759,1546
2761,1547
2762,1548
2763,1549
2764,1550
2765,1551
2766,1552
2769,1553
2770,1554
2771,1555
2772,1556
2774,1557
2775,1558
2779,1559
2784,1560
2786,1561
2787,1562
2791,1563
2792,1564
2795,1565
2796,1566
2797,1567
2798,1568
2799,1569
2800,1570
2802,1571
2803,1572
2804,1573
2805,1574
2806,1575
2807,1576
2808,1577
2810,1578
2812,1579
2816,1580
2817,1581
2820,1582
2822,1583
2826,1584
2827,1585
2828,1586
2829,1587
2835,1588
2836,1589
2840,1590
2841,1591
2844,1592
2847,1593
2851,1594
2852,1595
2856,1596
2857,1597
2858,1598
2859,1599
2860,1600
2861,1601
2862,1602
2863,1603
2865,1604
2867,1605
2870,1606
2871,1607
2872,1608
2874,1609
2876,1610
2877,1611
2878,1612
2881,1613
2882,1614
2883,1615
2884,1616
2885,1617
2886,1618
2887,1619
2888,1620
2890,1621
2892,1622
2894,1623
2896,1624
2898,1625
2899,1626
2900,1627
2901,1628
2902,1629
2903,1630
2906,1631
2907,1632
2908,1633
2912,1634
2915,1635
2916,1636
2917,1637
2918,1638
2919,1639
2921,1640
2922,1641
2926,1642
2927,1643
2928,1644
2929,1645
2930,1646
2932,1647
2935,1648
2936,1649
2937,1650
2939,1651
2941,1652
2942,1653
2943,1654
2944,1655
2947,1656
2948,1657
2949,1658
2950,1659
2953,1660
2956,1661
2959,1662
2964,1663
2965,1664
2966,1665
2967,1666
2968,1667
2970,1668
2971,1669
2973,1670
2974,1671
2975,1672
2976,1673
2977,1674
2989,1675
2990,1676
2991,1677
2993,1678
2996,1679
2997,1680
3004,1681
3005,1682
3007,1683
3008,1684
3010,1685
3013,1686
3014,1687
3015,1688
3016,1689
3017,1690
3018,1691
3019,1692
3020,1693
3021,1694
3022,1695
3028,1696
3029,1697
3030,1698
3031,1699
3032,1700
3033,1701
3034,1702
3035,1703
3037,1704
3038,1705
3039,1706
3040,1707
3041,1708
3043,1709
3044,1710
3045,1711
3046,1712
3048,1713
3052,1714
3053,1715
3054,1716
3055,1717
3056,1718
3060,1719
3061,1720
3063,1721
3066,1722
3068,1723
3070,1724
3071,1725
3073,1726
3074,1727
3075,1728
3078,1729
3079,1730
3081,1731
3082,1732
3086,1733
3087,1734
3088,1735
3091,1736
3093,1737
3095,1738
3096,1739
3097,1740
3098,1741
3099,1742
3100,1743
3101,1744
3102,1745
3104,1746
3105,1747
3106,1748
3107,1749
3108,1750
3109,1751
3111,1752
3113,1753
3114,1754
3115,1755
3117,1756
3120,1757
3129,1758
3135,1759
3138,1760
3141,1761
3143,1762
3145,1763
3146,1764
3147,1765
3148,1766
3150,1767
3152,1768
3153,1769
3155,1770
3156,1771
3157,1772
3159,1773
3163,1774
3167,1775
3168,1776
3171,1777
3174,1778
3175,1779
3176,1780
3177,1781
3178,1782
3179,1783
3181,1784
3183,1785
3185,1786
3189,1787
3190,1788
3194,1789
3196,1790
3197,1791
3198,1792
3200,1793
3201,1794
3203,1795
3204,1796
3206,1797
3210,1798
3213,1799
3214,1800
3217,1801
3219,1802
3221,1803
3223,1804
3225,1805
3230,1806
3235,1807
3238,1808
3240,1809
3243,1810
3244,1811
3246,1812
3247,1813
3248,1814
3250,1815
3251,1816
3252,1817
3253,1818
3254,1819
3255,1820
3256,1821
3257,1822
3260,1823
3261,1824
3263,1825
3264,1826
3268,1827
3269,1828
3270,1829
3271,1830
3272,1831
3273,1832
3274,1833
3275,1834
3276,1835
3280,1836
3284,1837
3285,1838
3287,1839
3294,1840
3298,1841
3299,1842
3300,1843
3301,1844
3302,1845
3306,1846
3307,1847
3308,1848
3315,1849
3316,1850
3324,1851
3325,1852
3328,1853
3329,1854
3330,1855
3334,1856
3338,1857
3341,1858
3342,1859
3344,1860
3347,1861
3354,1862
3355,1863
3358,1864
3359,1865
3361,1866
3362,1867
3364,1868
3365,1869
3368,1870
3370,1871
3372,1872
3374,1873
3379,1874
3384,1875
3385,1876
3386,1877
3388,1878
3389,1879
3390,1880
3392,1881
3393,1882
3394,1883
3395,1884
3396,1885
3397,1886
3398,1887
3400,1888
3402,1889
3403,1890
3404,1891
3408,1892
3409,1893
3410,1894
3414,1895
3417,1896
3418,1897
3420,1898
3421,1899
3422,1900
3423,1901
3424,1902
3425,1903
3426,1904
3428,1905
3430,1906
3432,1907
3433,1908
3435,1909
3436,1910
3438,1911
3439,1912
3441,1913
3442,1914
3444,1915
3445,1916
3446,1917
3447,1918
3449,1919
3450,1920
3451,1921
3452,1922
3453,1923
3454,1924
3455,1925
3459,1926
3461,1927
3462,1928
3467,1929
3469,1930
3470,1931
3471,1932
3474,1933
3475,1934
3476,1935
3479,1936
3481,1937
3483,1938
3489,1939
3492,1940
3494,1941
3497,1942
3498,1943
3499,1944
3500,1945
3501,1946
3502,1947
3504,1948
3505,1949
3506,1950
3507,1951
3510,1952
3512,1953
3513,1954
3514,1955
3515,1956
3519,1957
3521,1958
3524,1959
3525,1960
3527,1961
3528,1962
3529,1963
3534,1964
3535,1965
3536,1966
3537,1967
3543,1968
3544,1969
3545,1970
3548,1971
3549,1972
3550,1973
3551,1974
3552,1975
3555,1976
3556,1977
3557,1978
3559,1979
3563,1980
3564,1981
3566,1982
3567,1983
3572,1984
3573,1985
3574,1986
3577,1987
3578,1988
3580,1989
3581,1990
3584,1991
3586,1992
3587,1993
3590,1994
3591,1995
3593,1996
3594,1997
3597,1998
3598,1999
3599,2000
3604,2001
3606,2002
3608,2003
3609,2004
3614,2005
3615,2006
3618,2007
3619,2008
3622,2009
3624,2010
3627,2011
3628,2012
3629,2013
3632,2014
3633,2015
3634,2016
3635,2017
3638,2018
3639,2019
3640,2020
3641,2021
3643,2022
3646,2023
3649,2024
3653,2025
3654,2026
3658,2027
3661,2028
3668,2029
3671,2030
3672,2031
3673,2032
3674,2033
3675,2034
3676,2035
3677,2036
3678,2037
3679,2038
3680,2039
3682,2040
3683,2041
3684,2042
3685,2043
3686,2044
3688,2045
3689,2046
3691,2047
3692,2048
3694,2049
3695,2050
3696,2051
3697,2052
3698,2053
3699,2054
3700,2055
3702,2056
3704,2057
3705,2058
3706,2059
3709,2060
3710,2061
3712,2062
3713,2063
3716,2064
3717,2065
3720,2066
3723,2067
3724,2068
3725,2069
3726,2070
3727,2071
3728,2072
3729,2073
3730,2074
3731,2075
3732,2076
3733,2077
3735,2078
3737,2079
3738,2080
3739,2081
3740,2082
3741,2083
3743,2084
3744,2085
3745,2086
3747,2087
3751,2088
3753,2089
3754,2090
3755,2091
3756,2092
3760,2093
3761,2094
3763,2095
3765,2096
3766,2097
3767,2098
3768,2099
3770,2100
3773,2101
3783,2102
3785,2103
3786,2104
3789,2105
3790,2106
3791,2107
3792,2108
3793,2109
3794,2110
3795,2111
3797,2112
3798,2113
3801,2114
3802,2115
3806,2116
3807,2117
3810,2118
3813,2119
3814,2120
3819,2121
3821,2122
3823,2123
3824,2124
3825,2125
3826,2126
3827,2127
3830,2128
3831,2129
3833,2130
3834,2131
3835,2132
3836,2133
3837,2134
3838,2135
3841,2136
3843,2137
3846,2138
3852,2139
3857,2140
3859,2141
3861,2142
3868,2143
3871,2144
3873,2145
3879,2146
3882,2147
3893,2148
3895,2149
3896,2150
3897,2151
3898,2152
3900,2153
3901,2154
3906,2155
3908,2156
3910,2157
3911,2158
3912,2159
3914,2160
3915,2161
3916,2162
3917,2163
3919,2164
3922,2165
3925,2166
3926,2167
3927,2168
3928,2169
3929,2170
3932,2171
3933,2172
3938,2173
3939,2174
3940,2175
3942,2176
3943,2177
3946,2178
3947,2179
3948,2180
3949,2181
3950,2182
3951,2183
3952,2184
3955,2185
3957,2186
3959,2187
3963,2188
3964,2189
3965,2190
3966,2191
3967,2192
3968,2193
3969,2194
3973,2195
3974,2196
3977,2197
3978,2198
3979,2199
3980,2200
3981,2201
3983,2202
3984,2203
3985,2204
3986,2205
3987,2206
3989,2207
3990,2208
3992,2209
3993,2210
3994,2211
3997,2212
3998,2213
3999,2214
4000,2215
4003,2216
4005,2217
4007,2218
4008,2219
4009,2220
4010,2221
4012,2222
4014,2223
4016,2224
4017,2225
4018,2226
4019,2227
4020,2228
4021,2229
4022,2230
4023,2231
4024,2232
4025,2233
4029,2234
4030,2235
4031,2236
4032,2237
4033,2238
4034,2239
4035,2240
4036,2241
4037,2242
4039,2243
4040,2244
4041,2245
4042,2246
4043,2247
4046,2248
4047,2249
4052,2250
4054,2251
4055,2252
4062,2253
4063,2254
4065,2255
4067,2256
4068,2257
4069,2258
4078,2259
4079,2260
4080,2261
4081,2262
4082,2263
4083,2264
4084,2265
4085,2266
4086,2267
4089,2268
4090,2269
4091,2270
4093,2271
4102,2272
4103,2273
4104,2274
4105,2275
4110,2276
4111,2277
4113,2278
4115,2279
4116,2280
4117,2281
4121,2282
4123,2283
4124,2284
4125,2285
4127,2286
4128,2287
4129,2288
4132,2289
4135,2290
4138,2291
4139,2292
4142,2293
4143,2294
4146,2295
4148,2296
4154,2297
4155,2298
4157,2299
4158,2300
4159,2301
4161,2302
4164,2303
4166,2304
4167,2305
4168,2306
4174,2307
4175,2308
4178,2309
4180,2310
4181,2311
4184,2312
4187,2313
4189,2314
4190,2315
4191,2316
4193,2317
4194,2318
4195,2319
4197,2320
4198,2321
4200,2322
4202,2323
4203,2324
4205,2325
4210,2326
4211,2327
4212,2328
4214,2329
4217,2330
4218,2331
4219,2332
4220,2333
4221,2334
4223,2335
4224,2336
4225,2337
4226,2338
4228,2339
4232,2340
4233,2341
4234,2342
4238,2343
4239,2344
4241,2345
4243,2346
4246,2347
4247,2348
4248,2349
4251,2350
4255,2351
4256,2352
4260,2353
4262,2354
4263,2355
4265,2356
4267,2357
4268,2358
4270,2359
4275,2360
4276,2361
4280,2362
4282,2363
4285,2364
4290,2365
4292,2366
4293,2367
4296,2368
4299,2369
4300,2370
4304,2371
4305,2372
4306,2373
4307,2374
4310,2375
4316,2376
4321,2377
4322,2378
4323,2379
4326,2380
4327,2381
4329,2382
4333,2383
4334,2384
4337,2385
4338,2386
4339,2387
4340,2388
4342,2389
4343,2390
4344,2391
4345,2392
4349,2393
4350,2394
4351,2395
4353,2396
4354,2397
4355,2398
4356,2399
4357,2400
4359,2401
4361,2402
4367,2403
4368,2404
4369,2405
4370,2406
4371,2407
4372,2408
4373,2409
4384,2410
4386,2411
4387,2412
4388,2413
4389,2414
4392,2415
4393,2416
4394,2417
4396,2418
4397,2419
4402,2420
4406,2421
4407,2422
4408,2423
4409,2424
4410,2425
4412,2426
4419,2427
4420,2428
4426,2429
4427,2430
4428,2431
4429,2432
4432,2433
4433,2434
4436,2435
4437,2436
4442,2437
4443,2438
4445,2439
4446,2440
4447,2441
4448,2442
4449,2443
4450,2444
4451,2445
4452,2446
4453,2447
4454,2448
4458,2449
4463,2450
4465,2451
4466,2452
4467,2453
4470,2454
4471,2455
4473,2456
4474,2457
4476,2458
4478,2459
4480,2460
4484,2461
4487,2462
4488,2463
4489,2464
4490,2465
4492,2466
4495,2467
4496,2468
4497,2469
4499,2470
4500,2471
4502,2472
4505,2473
4506,2474
4508,2475
4509,2476
4511,2477
4518,2478
4519,2479
4520,2480
4521,2481
4522,2482
4526,2483
4527,2484
4533,2485
4535,2486
4537,2487
4541,2488
4544,2489
4545,2490
4553,2491
4557,2492
4558,2493
4562,2494
4564,2495
4565,2496
4568,2497
4571,2498
4573,2499
4574,2500
4577,2501
4578,2502
4580,2503
4581,2504
4583,2505
4585,2506
4587,2507
4589,2508
4593,2509
4594,2510
4597,2511
4599,2512
4602,2513
4603,2514
4605,2515
4608,2516
4610,2517
4611,2518
4613,2519
4614,2520
4615,2521
4616,2522
4619,2523
4621,2524
4622,2525
4623,2526
4624,2527
4626,2528
4628,2529
4629,2530
4630,2531
4632,2532
4635,2533
4636,2534
4638,2535
4640,2536
4641,2537
4642,2538
4643,2539
4645,2540
4646,2541
4649,2542
4654,2543
4660,2544
4661,2545
4663,2546
4666,2547
4670,2548
4671,2549
4673,2550
4675,2551
4676,2552
4677,2553
4678,2554
4679,2555
4681,2556
4683,2557
4686,2558
4687,2559
4690,2560
4695,2561
4697,2562
4699,2563
4700,2564
4701,2565
4703,2566
4704,2567
4709,2568
4710,2569
4711,2570
4713,2571
4714,2572
4715,2573
4718,2574
4719,2575
4720,2576
4722,2577
4723,2578
4725,2579
4727,2580
4728,2581
4732,2582
4733,2583
4734,2584
4735,2585
4736,2586
4738,2587
4740,2588
4743,2589
4744,2590
4748,2591
4750,2592
4754,2593
4756,2594
4757,2595
4759,2596
4765,2597
4769,2598
4770,2599
4771,2600
4772,2601
4775,2602
4776,2603
4777,2604
4780,2605
4782,2606
4783,2607
4784,2608
4786,2609
4787,2610
4789,2611
4792,2612
4794,2613
4795,2614
4796,2615
4798,2616
4800,2617
4801,2618
4802,2619
4803,2620
4804,2621
4808,2622
4809,2623
4810,2624
4811,2625
4812,2626
4813,2627
4814,2628
4815,2629
4816,2630
4818,2631
4821,2632
4822,2633
4823,2634
4826,2635
4830,2636
4831,2637
4833,2638
4835,2639
4844,2640
4845,2641
4849,2642
4852,2643
4855,2644
4857,2645
4860,2646
4862,2647
4863,2648
4864,2649
4865,2650
4866,2651
4867,2652
4871,2653
4873,2654
4874,2655
4877,2656
4878,2657
4879,2658
4880,2659
4881,2660
4885,2661
4887,2662
4890,2663
4900,2664
4901,2665
4903,2666
4909,2667
4911,2668
4912,2669
4915,2670
4916,2671
4917,2672
4919,2673
4921,2674
4925,2675
4927,2676
4929,2677
4932,2678
4936,2679
4939,2680
4941,2681
4942,2682
4945,2683
4946,2684
4947,2685
4951,2686
4953,2687
4956,2688
4957,2689
4959,2690
4963,2691
4965,2692
4966,2693
4967,2694
4974,2695
4975,2696
4976,2697
4978,2698
4979,2699
4980,2700
4981,2701
4987,2702
4988,2703
4989,2704
4990,2705
4991,2706
4992,2707
4993,2708
4994,2709
4995,2710
4998,2711
5004,2712
5007,2713
5008,2714
5009,2715
5010,2716
5011,2717
5012,2718
5014,2719
5016,2720
5021,2721
5023,2722
5025,2723
5027,2724
5033,2725
5041,2726
5049,2727
5053,2728
5054,2729
5055,2730
5059,2731
5062,2732
5063,2733
5064,2734
5065,2735
5066,2736
5071,2737
5072,2738
5074,2739
5075,2740
5076,2741
5077,2742
5092,2743
5093,2744
5094,2745
5096,2746
5099,2747
5102,2748
5103,2749
5105,2750
5106,2751
5107,2752
5109,2753
5110,2754
5111,2755
5112,2756
5114,2757
5116,2758
5120,2759
5121,2760
5127,2761
5128,2762
5131,2763
5134,2764
5139,2765
5151,2766
5152,2767
5155,2768
5156,2769
5168,2770
5171,2771
5177,2772
5178,2773
5181,2774
5189,2775
5197,2776
5198,2777
5212,2778
5218,2779
5219,2780
5222,2781
5224,2782
5226,2783
5231,2784
5237,2785
5238,2786
5239,2787
5241,2788
5244,2789
5246,2790
5247,2791
5250,2792
5254,2793
5255,2794
5256,2795
5258,2796
5264,2797
5265,2798
5266,2799
5267,2800
5268,2801
5275,2802
5278,2803
5279,2804
5282,2805
5284,2806
5285,2807
5288,2808
5292,2809
5293,2810
5294,2811
5297,2812
5298,2813
5299,2814
5300,2815
5303,2816
5307,2817
5308,2818
5309,2819
5311,2820
5312,2821
5313,2822
5316,2823
5322,2824
5323,2825
5324,2826
5334,2827
5338,2828
5339,2829
5341,2830
5345,2831
5346,2832
5347,2833
5348,2834
5349,2835
5353,2836
5356,2837
5358,2838
5361,2839
5363,2840
5364,2841
5372,2842
5375,2843
5377,2844
5379,2845
5380,2846
5384,2847
5387,2848
5388,2849
5389,2850
5390,2851
5397,2852
5398,2853
5400,2854
5404,2855
5409,2856
5410,2857
5414,2858
5415,2859
5416,2860
5418,2861
5419,2862
5420,2863
5421,2864
5424,2865
5427,2866
5428,2867
5435,2868
5437,2869
5438,2870
5440,2871
5443,2872
5444,2873
5445,2874
5446,2875
5447,2876
5450,2877
5451,2878
5452,2879
5454,2880
5455,2881
5456,2882
5458,2883
5460,2884
5461,2885
5462,2886
5463,2887
5464,2888
5468,2889
5470,2890
5471,2891
5472,2892
5479,2893
5480,2894
5481,2895
5483,2896
5485,2897
5490,2898
5497,2899
5499,2900
5500,2901
5501,2902
5502,2903
5504,2904
5505,2905
5506,2906
5508,2907
5521,2908
5523,2909
5524,2910
5527,2911
5528,2912
5529,2913
5531,2914
5538,2915
5539,2916
5540,2917
5541,2918
5543,2919
5544,2920
5548,2921
5553,2922
5563,2923
5564,2924
5568,2925
5569,2926
5574,2927
5577,2928
5580,2929
5581,2930
5582,2931
5584,2932
5585,2933
5588,2934
5589,2935
5590,2936
5591,2937
5597,2938
5601,2939
5602,2940
5603,2941
5604,2942
5609,2943
5610,2944
5612,2945
5613,2946
5617,2947
5619,2948
5620,2949
5621,2950
5625,2951
5628,2952
5629,2953
5630,2954
5633,2955
5635,2956
5636,2957
5637,2958
5643,2959
5644,2960
5646,2961
5650,2962
5651,2963
5657,2964
5663,2965
5664,2966
5665,2967
5666,2968
5668,2969
5669,2970
5670,2971
5673,2972
5675,2973
5679,2974
5680,2975
5682,2976
5684,2977
5685,2978
5688,2979
5689,2980
5693,2981
5699,2982
5700,2983
5706,2984
5707,2985
5710,2986
5712,2987
5721,2988
5723,2989
5742,2990
5745,2991
5747,2992
5749,2993
5752,2994
5755,2995
5764,2996
5768,2997
5771,2998
5773,2999
5779,3000
5780,3001
5785,3002
5786,3003
5787,3004
5788,3005
5792,3006
5796,3007
5797,3008
5799,3009
5802,3010
5803,3011
5804,3012
5809,3013
5810,3014
5816,3015
5817,3016
5820,3017
5826,3018
5828,3019
5829,3020
5833,3021
5836,3022
5838,3023
5843,3024
5847,3025
5853,3026
5863,3027
5867,3028
5872,3029
5873,3030
5874,3031
5880,3032
5881,3033
5882,3034
5883,3035
5884,3036
5893,3037
5896,3038
5899,3039
5900,3040
5901,3041
5919,3042
5927,3043
5932,3044
5938,3045
5941,3046
5942,3047
5943,3048
5944,3049
5945,3050
5947,3051
5951,3052
5952,3053
5954,3054
5955,3055
5956,3056
5957,3057
5959,3058
5961,3059
5962,3060
5963,3061
5965,3062
5968,3063
5969,3064
5970,3065
5974,3066
5975,3067
5979,3068
5980,3069
5986,3070
5988,3071
5990,3072
5991,3073
5992,3074
5993,3075
5994,3076
5995,3077
5999,3078
6001,3079
6002,3080
6003,3081
6006,3082
6012,3083
6013,3084
6020,3085
6022,3086
6027,3087
6030,3088
6031,3089
6033,3090
6036,3091
6039,3092
6040,3093
6041,3094
6049,3095
6051,3096
6055,3097
6057,3098
6058,3099
6060,3100
6062,3101
6063,3102
6064,3103
6067,3104
6078,3105
6090,3106
6093,3107
6100,3108
6101,3109
6111,3110
6116,3111
6124,3112
6143,3113
6153,3114
6155,3115
6156,3116
6157,3117
6158,3118
6159,3119
6162,3120
6166,3121
6169,3122
6170,3123
6178,3124
6181,3125
6182,3126
6183,3127
6184,3128
6185,3129
6186,3130
6187,3131
6193,3132
6196,3133
6197,3134
6201,3135
6203,3136
6204,3137
6212,3138
6217,3139
6218,3140
6219,3141
6220,3142
6222,3143
6225,3144
6228,3145
6232,3146
6234,3147
6237,3148
6238,3149
6239,3150
6244,3151
6245,3152
6249,3153
6250,3154
6251,3155
6252,3156
6254,3157
6263,3158
6264,3159
6265,3160
6266,3161
6267,3162
6268,3163
6269,3164
6273,3165
6279,3166
6280,3167
6281,3168
6285,3169
6287,3170
6288,3171
6289,3172
6294,3173
6296,3174
6297,3175
6298,3176
6301,3177
6302,3178
6305,3179
6308,3180
6310,3181
6313,3182
6314,3183
6315,3184
6316,3185
6320,3186
6323,3187
6324,3188
6327,3189
6329,3190
6330,3191
6332,3192
6334,3193
6335,3194
6337,3195
6338,3196
6341,3197
6342,3198
6345,3199
6347,3200
6348,3201
6349,3202
6358,3203
6365,3204
6367,3205
6371,3206
6373,3207
6374,3208
6376,3209
6377,3210
6378,3211
6379,3212
6385,3213
6386,3214
6390,3215
6402,3216
6405,3217
6412,3218
6415,3219
6417,3220
6424,3221
6427,3222
6428,3223
6429,3224
6436,3225
6448,3226
6449,3227
6453,3228
6454,3229
6461,3230
6464,3231
6466,3232
6476,3233
6480,3234
6482,3235
6483,3236
6484,3237
6502,3238
6503,3239
6515,3240
6517,3241
6523,3242
6527,3243
6528,3244
6534,3245
6536,3246
6537,3247
6538,3248
6539,3249
6545,3250
6547,3251
6548,3252
6550,3253
6551,3254
6552,3255
6554,3256
6557,3257
6559,3258
6560,3259
6561,3260
6565,3261
6566,3262
6567,3263
6568,3264
6572,3265
6573,3266
6574,3267
6579,3268
6581,3269
6582,3270
6587,3271
6591,3272
6592,3273
6593,3274
6603,3275
6611,3276
6612,3277
6614,3278
6615,3279
6617,3280
6619,3281
6620,3282
6624,3283
6625,3284
6629,3285
6636,3286
6638,3287
6639,3288
6645,3289
6650,3290
6656,3291
6659,3292
6660,3293
6662,3294
6663,3295
6664,3296
6665,3297
6667,3298
6669,3299
6671,3300
6678,3301
6679,3302
6689,3303
6691,3304
6695,3305
6696,3306
6702,3307
6705,3308
6706,3309
6707,3310
6708,3311
6709,3312
6710,3313
6711,3314
6718,3315
6720,3316
6724,3317
6731,3318
6746,3319
6748,3320
6750,3321
6751,3322
6752,3323
6753,3324
6754,3325
6760,3326
6763,3327
6764,3328
6765,3329
6768,3330
6769,3331
6770,3332
6774,3333
6777,3334
6780,3335
6782,3336
6785,3337
6787,3338
6790,3339
6793,3340
6797,3341
6798,3342
6800,3343
6804,3344
6807,3345
6808,3346
6810,3347
6811,3348
6812,3349
6814,3350
6816,3351
6817,3352
6820,3353
6821,3354
6827,3355
6832,3356
6836,3357
6837,3358
6849,3359
6850,3360
6851,3361
6852,3362
6853,3363
6856,3364
6860,3365
6862,3366
6863,3367
6867,3368
6868,3369
6870,3370
6873,3371
6879,3372
6880,3373
6881,3374
6883,3375
6884,3376
6885,3377
6886,3378
6887,3379
6888,3380
6889,3381
6890,3382
6893,3383
6898,3384
6899,3385
6911,3386
6912,3387
6927,3388
6932,3389
6934,3390
6936,3391
6942,3392
6944,3393
6946,3394
6947,3395
6948,3396
6950,3397
6951,3398
6952,3399
6953,3400
6957,3401
6958,3402
6959,3403
6965,3404
6966,3405
6967,3406
6970,3407
6973,3408
6974,3409
6975,3410
6979,3411
6984,3412
6986,3413
6989,3414
6992,3415
6993,3416
6994,3417
6996,3418
6997,3419
6998,3420
6999,3421
7000,3422
7001,3423
7004,3424
7007,3425
7009,3426
7013,3427
7016,3428
7017,3429
7018,3430
7019,3431
7020,3432
7025,3433
7026,3434
7027,3435
7030,3436
7031,3437
7032,3438
7036,3439
7038,3440
7040,3441
7044,3442
7045,3443
7046,3444
7047,3445
7048,3446
7049,3447
7050,3448
7052,3449
7053,3450
7054,3451
7055,3452
7058,3453
7060,3454
7061,3455
7062,3456
7065,3457
7070,3458
7071,3459
7072,3460
7073,3461
7074,3462
7075,3463
7076,3464
7078,3465
7079,3466
7080,3467
7082,3468
7083,3469
7085,3470
7086,3471
7087,3472
7089,3473
7091,3474
7092,3475
7093,3476
7096,3477
7101,3478
7102,3479
7103,3480
7107,3481
7114,3482
7117,3483
7121,3484
7122,3485
7123,3486
7125,3487
7127,3488
7131,3489
7132,3490
7137,3491
7139,3492
7142,3493
7143,3494
7147,3495
7149,3496
7150,3497
7151,3498
7153,3499
7155,3500
7158,3501
7160,3502
7161,3503
7162,3504
7163,3505
7164,3506
7165,3507
7167,3508
7169,3509
7171,3510
7173,3511
7175,3512
7177,3513
7178,3514
7181,3515
7190,3516
7191,3517
7193,3518
7202,3519
7205,3520
7208,3521
7211,3522
7212,3523
7215,3524
7216,3525
7217,3526
7218,3527
7219,3528
7223,3529
7225,3530
7236,3531
7245,3532
7247,3533
7251,3534
7254,3535
7255,3536
7256,3537
7257,3538
7260,3539
7261,3540
7262,3541
7263,3542
7265,3543
7266,3544
7292,3545
7293,3546
7294,3547
7302,3548
7303,3549
7305,3550
7308,3551
7310,3552
7315,3553
7316,3554
7317,3555
7318,3556
7320,3557
7321,3558
7324,3559
7325,3560
7327,3561
7335,3562
7344,3563
7345,3564
7346,3565
7347,3566
7348,3567
7354,3568
7357,3569
7360,3570
7361,3571
7362,3572
7364,3573
7366,3574
7367,3575
7368,3576
7369,3577
7371,3578
7372,3579
7373,3580
7375,3581
7376,3582
7377,3583
7379,3584
7380,3585
7381,3586
7386,3587
7387,3588
7390,3589
7394,3590
7395,3591
7414,3592
7419,3593
7439,3594
7440,3595
7444,3596
7445,3597
7448,3598
7449,3599
7450,3600
7454,3601
7455,3602
7457,3603
7458,3604
7459,3605
7479,3606
7481,3607
7482,3608
7487,3609
7493,3610
7561,3611
7562,3612
7569,3613
7570,3614
7572,3615
7573,3616
7579,3617
7581,3618
7584,3619
7614,3620
7615,3621
7616,3622
7618,3623
7619,3624
7620,3625
7624,3626
7636,3627
7657,3628
7698,3629
7701,3630
7702,3631
7704,3632
7705,3633
7706,3634
7708,3635
7713,3636
7714,3637
7716,3638
7720,3639
7727,3640
7728,3641
7730,3642
7743,3643
7753,3644
7757,3645
7762,3646
7772,3647
7773,3648
7782,3649
7786,3650
7792,3651
7802,3652
7811,3653
7812,3654
7822,3655
7826,3656
7831,3657
7833,3658
7834,3659
7835,3660
7839,3661
7840,3662
7846,3663
7883,3664
7884,3665
7888,3666
7889,3667
7895,3668
7896,3669
7900,3670
7916,3671
7920,3672
7930,3673
7932,3674
7934,3675
7940,3676
7943,3677
7944,3678
7951,3679
7976,3680
7979,3681
7980,3682
7983,3683
7984,3684
7986,3685
7988,3686
7991,3687
8008,3688
8010,3689
8011,3690
8015,3691
8016,3692
8025,3693
8033,3694
8042,3695
8043,3696
8044,3697
8045,3698
8057,3699
8094,3700
8119,3701
8126,3702
8128,3703
8132,3704
8136,3705
8138,3706
8153,3707
8158,3708
8167,3709
8183,3710
8190,3711
8191,3712
8196,3713
8207,3714
8225,3715
8232,3716
8235,3717
8236,3718
8238,3719
8239,3720
8241,3721
8254,3722
8264,3723
8266,3724
8268,3725
8275,3726
8290,3727
8293,3728
8302,3729
8327,3730
8331,3731
8335,3732
8336,3733
8338,3734
8340,3735
8341,3736
8360,3737
8361,3738
8366,3739
8368,3740
8371,3741
8372,3742
8373,3743
8376,3744
8378,3745
8379,3746
8382,3747
8383,3748
8387,3749
8391,3750
8402,3751
8410,3752
8424,3753
8425,3754
8447,3755
8450,3756
8451,3757
8458,3758
8459,3759
8461,3760
8462,3761
8463,3762
8464,3763
8465,3764
8481,3765
8482,3766
8487,3767
8491,3768
8493,3769
8494,3770
8495,3771
8502,3772
8507,3773
8512,3774
8521,3775
8526,3776
8528,3777
8529,3778
8530,3779
8531,3780
8532,3781
8533,3782
8535,3783
8542,3784
8571,3785
8574,3786
8578,3787
8581,3788
8587,3789
8591,3790
8593,3791
8596,3792
8600,3793
8604,3794
8607,3795
8609,3796
8610,3797
8611,3798
8614,3799
8622,3800
8623,3801
8633,3802
8636,3803
8638,3804
8640,3805
8641,3806
8643,3807
8665,3808
8666,3809
8667,3810
8677,3811
8690,3812
8695,3813
8711,3814
8712,3815
8713,3816
8714,3817
8718,3818
8727,3819
8730,3820
8743,3821
8753,3822
8754,3823
8765,3824
8773,3825
8781,3826
8782,3827
8783,3828
8784,3829
8796,3830
8798,3831
8799,3832
8800,3833
8808,3834
8813,3835
8814,3836
8815,3837
8830,3838
8833,3839
8835,3840
8838,3841
8860,3842
8861,3843
8864,3844
8865,3845
8866,3846
8869,3847
8870,3848
8874,3849
8879,3850
8880,3851
8905,3852
8906,3853
8907,3854
8908,3855
8910,3856
8911,3857
8912,3858
8914,3859
8915,3860
8917,3861
8918,3862
8919,3863
8920,3864
8921,3865
8938,3866
8939,3867
8943,3868
8947,3869
8948,3870
8949,3871
8951,3872
8952,3873
8955,3874
8957,3875
8958,3876
8959,3877
8961,3878
8964,3879
8965,3880
8966,3881
8968,3882
8969,3883
8970,3884
8972,3885
8974,3886
8977,3887
8978,3888
8979,3889
8981,3890
8982,3891
8984,3892
8985,3893
9004,3894
9005,3895
9008,3896
9018,3897
25746,3898
25750,3899
25752,3900
25753,3901
25757,3902
25788,3903
25795,3904
25797,3905
25825,3906
25826,3907
25833,3908
25834,3909
25841,3910
25850,3911
25855,3912
25856,3913
25865,3914
25870,3915
25886,3916
25887,3917
25905,3918
25906,3919
25923,3920
25927,3921
25937,3922
25940,3923
25946,3924
25947,3925
25952,3926
25959,3927
25962,3928
25996,3929
25999,3930
26038,3931
26052,3932
26085,3933
26124,3934
26133,3935
26142,3936
26147,3937
26151,3938
26152,3939
26172,3940
26176,3941
26195,3942
26231,3943
26237,3944
26242,3945
26249,3946
26265,3947
26283,3948
26285,3949
26313,3950
26344,3951
26357,3952
26365,3953
26375,3954
26386,3955
26394,3956
26399,3957
26422,3958
26464,3959
26492,3960
26498,3961
26504,3962
26524,3963
26528,3964
26539,3965
26542,3966
26554,3967
26555,3968
26562,3969
26567,3970
26590,3971
26593,3972
26614,3973
26622,3974
26629,3975
26630,3976
26676,3977
26680,3978
26681,3979
26686,3980
26694,3981
26695,3982
26696,3983
26700,3984
26704,3985
26717,3986
26750,3987
26764,3988
26778,3989
26782,3990
26791,3991
26792,3992
26810,3993
26812,3994
26828,3995
26838,3996
26861,3997
26870,3998
26871,3999
26940,4000
26947,4001
26965,4002
26974,4003
26985,4004
26999,4005
27002,4006
27006,4007
27008,4008
27020,4009
27022,4010
27074,4011
27075,4012
27105,4013
27124,4014
27140,4015
27176,4016
27193,4017
27246,4018
27251,4019
27266,4020
27311,4021
27320,4022
27328,4023
27329,4024
27408,4025
27416,4026
27420,4027
27434,4028
27441,4029
27478,4030
27482,4031
27537,4032
27549,4033
27584,4034
27595,4035
27618,4036
27619,4037
27627,4038
27660,4039
27664,4040
27674,4041
27692,4042
27695,4043
27705,4044
27706,4045
27708,4046
27762,4047
27769,4048
27778,4049
27788,4050
27790,4051
27808,4052
27816,4053
27822,4054
27826,4055
27829,4056
27831,4057
27837,4058
27838,4059
27839,4060
27846,4061
27865,4062
27866,4063
27873,4064
27878,4065
27882,4066
27904,4067
27905,4068
30749,4069
30793,4070
30810,4071
30812,4072
30816,4073
30818,4074
30820,4075
30825,4076
30846,4077
30848,4078
30850,4079
30883,4080
30892,4081
30898,4082
30994,4083
31000,4084
31030,4085
31038,4086
31049,4087
31083,4088
31101,4089
31114,4090
31116,4091
31150,4092
31162,4093
31193,4094
31221,4095
31225,4096
31260,4097
31297,4098
31367,4099
31420,4100
31424,4101
31427,4102
31433,4103
31445,4104
31553,4105
31617,4106
31685,4107
31692,4108
31696,4109
31698,4110
31737,4111
31851,4112
31867,4113
31909,4114
31921,4115
31925,4116
32011,4117
32017,4118
32019,4119
32022,4120
32029,4121
32031,4122
32058,4123
32060,4124
32139,4125
32213,4126
32289,4127
32291,4128
32296,4129
32298,4130
32300,4131
32314,4132
32371,4133
32440,4134
32442,4135
32460,4136
32469,4137
32515,4138
32582,4139
32584,4140
32587,4141
32589,4142
32596,4143
32598,4144
32600,4145
32632,4146
32659,4147
32728,4148
32914,4149
33004,4150
33085,4151
33090,4152
33126,4153
33132,4154
33138,4155
33148,4156
33154,4157
33162,4158
33164,4159
33166,4160
33171,4161
33188,4162
33237,4163
33294,4164
33312,4165
33421,4166
33435,4167
33495,4168
33499,4169
33558,4170
33615,4171
33639,4172
33644,4173
33649,4174
33660,4175
33669,4176
33672,4177
33677,4178
33679,4179
33781,4180
33794,4181
33815,4182
33826,4183
33830,4184
33834,4185
33836,4186
33838,4187
33880,4188
34018,4189
34048,4190
34129,4191
34143,4192
34150,4193
34153,4194
34162,4195
34164,4196
34271,4197
34292,4198
34312,4199
34319,4200
34321,4201
34323,4202
34326,4203
34330,4204
34332,4205
34334,4206
34336,4207
34338,4208
34359,4209
34397,4210
34405,4211
34437,4212
34482,4213
34520,4214
34523,4215
34528,4216
34530,4217
34532,4218
34534,4219
34536,4220
34540,4221
34542,4222
34800,4223
35347,4224
35807,4225
36397,4226
36401,4227
36517,4228
36519,4229
36527,4230
36535,4231
36537,4232
37211,4233
37240,4234
37380,4235
37382,4236
37384,4237
37444,4238
37475,4239
37477,4240
37495,4241
37545,4242
37720,4243
37727,4244
37729,4245
37733,4246
37736,4247
37739,4248
37741,4249
37830,4250
37844,4251
37853,4252
37857,4253
38061,4254
38198,4255
38583,4256
38798,4257
38886,4258
38992,4259
39183,4260
39231,4261
39234,4262
39381,4263
39414,4264
39427,4265
39435,4266
39444,4267
39446,4268
39449,4269
39869,4270
40148,4271
40278,4272
40339,4273
40412,4274
40478,4275
40581,4276
40583,4277
40614,4278
40629,4279
40697,4280
40723,4281
40732,4282
40815,4283
40819,4284
40870,4285
40946,4286
40955,4287
40966,4288
41285,4289
41527,4290
41569,4291
41571,4292
41573,4293
41617,4294
41712,4295
41716,4296
41724,4297
41769,4298
41863,4299
41997,4300
42002,4301
42004,4302
42009,4303
42011,4304
42013,4305
42015,4306
42191,4307
42285,4308
42418,4309
42556,4310
42638,4311
42723,4312
42725,4313
42728,4314
42730,4315
42732,4316
42734,4317
42738,4318
42740,4319
42761,4320
42943,4321
43333,4322
43396,4323
43419,4324
43558,4325
43679,4326
43684,4327
43744,4328
43836,4329
43869,4330
43871,4331
43904,4332
43912,4333
43914,4334
43921,4335
43928,4336
43930,4337
43932,4338
43936,4339
44189,4340
44191,4341
44193,4342
44195,4343
44197,4344
44204,4345
44225,4346
44241,4347
44397,4348
44399,4349
44511,4350
44613,4351
44633,4352
44657,4353
44665,4354
44694,4355
44709,4356
44731,4357
44759,4358
44761,4359
44773,4360
44788,4361
44840,4362
44849,4363
44864,4364
44889,4365
44972,4366
44974,4367
45028,4368
45062,4369
45074,4370
45081,4371
45106,4372
45175,4373
45186,4374
45208,4375
45221,4376
45361,4377
45382,4378
45431,4379
45440,4380
45447,4381
45499,4382
45501,4383
45503,4384
45517,4385
45635,4386
45648,4387
45658,4388
45666,4389
45668,4390
45672,4391
45720,4392
45722,4393
45728,4394
45732,4395
45880,4396
45950,4397
45969,4398
46062,4399
46231,4400
46337,4401
46347,4402
46367,4403
46530,4404
46572,4405
46578,4406
46664,4407
46723,4408
46772,4409
46850,4410
46865,4411
46948,4412
46965,4413
46967,4414
46970,4415
46972,4416
46974,4417
46976,4418
47044,4419
47099,4420
47122,4421
47124,4422
47200,4423
47202,4424
47261,4425
47382,4426
47384,4427
47404,4428
47423,4429
47465,4430
47516,4431
47566,4432
47610,4433
47629,4434
47640,4435
47644,4436
47646,4437
47725,4438
47736,4439
47793,4440
47810,4441
47894,4442
47937,4443
47950,4444
47952,4445
47970,4446
47997,4447
47999,4448
48043,4449
48150,4450
48304,4451
48322,4452
48326,4453
48412,4454
48414,4455
48516,4456
48518,4457
48520,4458
48593,4459
48596,4460
48598,4461
48696,4462
48698,4463
48738,4464
48741,4465
48744,4466
48774,4467
48780,4468
48783,4469
48872,4470
48877,4471
48879,4472
48982,4473
48997,4474
49013,4475
49110,4476
49130,4477
49220,4478
49272,4479
49274,4480
49276,4481
49280,4482
49284,4483
49286,4484
49347,4485
49389,4486
49396,4487
49524,4488
49530,4489
49647,4490
49649,4491
49651,4492
49688,4493
49735,4494
49772,4495
49793,4496
49822,4497
49824,4498
49910,4499
49932,4500
49957,4501
49961,4502
50064,4503
50068,4504
50147,4505
50158,4506
50160,4507
50274,4508
50440,4509
50442,4510
50445,4511
50601,4512
50792,4513
50794,4514
50798,4515
50800,4516
50802,4517
50804,4518
50806,4519
50872,4520
50923,4521
50954,4522
50999,4523
51037,4524
51077,4525
51080,4526
51084,4527
51086,4528
51088,4529
51091,4530
51174,4531
51357,4532
51412,4533
51471,4534
51540,4535
51573,4536
51575,4537
51662,4538
51666,4539
51694,4540
51698,4541
51834,4542
51884,4543
51903,4544
51927,4545
51933,4546
51935,4547
52241,4548
52245,4549
52283,4550
52287,4551
52299,4552
52328,4553
52375,4554
52458,4555
52462,4556
52604,4557
52644,4558
52668,4559
52694,4560
52712,4561
52722,4562
52724,4563
52831,4564
52952,4565
52967,4566
52973,4567
52975,4568
53000,4569
53024,4570
53121,4571
53123,4572
53125,4573
53129,4574
53140,4575
53143,4576
53318,4577
53322,4578
53435,4579
53447,4580
53450,4581
53460,4582
53464,4583
53466,4584
53468,4585
53519,4586
53550,4587
53574,4588
53808,4589
53921,4590
53953,4591
53956,4592
53972,4593
53974,4594
53993,4595
54001,4596
54116,4597
54121,4598
54185,4599
54256,4600
54259,4601
54272,4602
54274,4603
54276,4604
54281,4605
54286,4606
54503,4607
54648,4608
54686,4609
54732,4610
54734,4611
54745,4612
54771,4613
54780,4614
54785,4615
54787,4616
54796,4617
54908,4618
54910,4619
54934,4620
54962,4621
54995,4622
54997,4623
54999,4624
55036,4625
55052,4626
55071,4627
55080,4628
55094,4629
55110,4630
55112,4631
55116,4632
55118,4633
55156,4634
55205,4635
55207,4636
55232,4637
55241,4638
55245,4639
55250,4640
55261,4641
55269,4642
55272,4643
55276,4644
55278,4645
55280,4646
55282,4647
55290,4648
55292,4649
55294,4650
55363,4651
55391,4652
55442,4653
55444,4654
55451,4655
55492,4656
55577,4657
55687,4658
55729,4659
55765,4660
55805,4661
55820,4662
55844,4663
55854,4664
55872,4665
55908,4666
55995,4667
56003,4668
56022,4669
56145,4670
56152,4671
56156,4672
56169,4673
56171,4674
56174,4675
56176,4676
56251,4677
56274,4678
56286,4679
56333,4680
56336,4681
56367,4682
56389,4683
56563,4684
56587,4685
56607,4686
56715,4687
56757,4688
56775,4689
56782,4690
56788,4691
56805,4692
56837,4693
56915,4694
56941,4695
56949,4696
57147,4697
57368,4698
57421,4699
57522,4700
57526,4701
57532,4702
57536,4703
57640,4704
57669,4705
57910,4706
57951,4707
58025,4708
58078,4709
58103,4710
58105,4711
58154,4712
58156,4713
58191,4714
58287,4715
58291,4716
58295,4717
58297,4718
58299,4719
58306,4720
58315,4721
58332,4722
58347,4723
58404,4724
58425,4725
58492,4726
58559,4727
58627,4728
58655,4729
58803,4730
58806,4731
58839,4732
58870,4733
58876,4734
58879,4735
58972,4736
58975,4737
58998,4738
59014,4739
59016,4740
59022,4741
59037,4742
59103,4743
59118,4744
59126,4745
59143,4746
59220,4747
59258,4748
59306,4749
59315,4750
59336,4751
59369,4752
59387,4753
59440,4754
59501,4755
59549,4756
59604,4757
59615,4758
59667,4759
59725,4760
59727,4761
59738,4762
59784,4763
59810,4764
59814,4765
59900,4766
59915,4767
59947,4768
59985,4769
59995,4770
60030,4771
60037,4772
60040,4773
60046,4774
60074,4775
60126,4776
60161,4777
60289,4778
60291,4779
60293,4780
60333,4781
60365,4782
60389,4783
60397,4784
60471,4785
60647,4786
60674,4787
60735,4788
60737,4789
60753,4790
60756,4791
60760,4792
60766,4793
60803,4794
60832,4795
60857,4796
60894,4797
60937,4798
60941,4799
60943,4800
60950,4801
61011,4802
61024,4803
61071,4804
61073,4805
61123,4806
61132,4807
61246,4808
61248,4809
61250,4810
61255,4811
61262,4812
61289,4813
61323,4814
61348,4815
61350,4816
61352,4817
61394,4818
61465,4819
61697,4820
61705,4821
61729,4822
61986,4823
62081,4824
62113,4825
62293,4826
62336,4827
62344,4828
62374,4829
62376,4830
62394,4831
62434,4832
62437,4833
62439,4834
62553,4835
62586,4836
62662,4837
62792,4838
62849,4839
62956,4840
62999,4841
63033,4842
63062,4843
63072,4844
63082,4845
63113,4846
63131,4847
63179,4848
63222,4849
63239,4850
63393,4851
63433,4852
63436,4853
63479,4854
63515,4855
63540,4856
63826,4857
63853,4858
63859,4859
63992,4860
64030,4861
64032,4862
64114,4863
64116,4864
64197,4865
64231,4866
64249,4867
64278,4868
64497,4869
64575,4870
64614,4871
64620,4872
64622,4873
64716,4874
64839,4875
64957,4876
64983,4877
64997,4878
65088,4879
65126,4880
65130,4881
65135,4882
65188,4883
65216,4884
65230,4885
65350,4886
65514,4887
65577,4888
65585,4889
65631,4890
65682,4891
65685,4892
65738,4893
65740,4894
65802,4895
65810,4896
65882,4897
66090,4898
66097,4899
66171,4900
66198,4901
66203,4902
66297,4903
66320,4904
66427,4905
66509,4906
66511,4907
66665,4908
66783,4909
66798,4910
66934,4911
67168,4912
67186,4913
67197,4914
67267,4915
67361,4916
67408,4917
67534,4918
67665,4919
67695,4920
67734,4921
67788,4922
67888,4923
67997,4924
68157,4925
68159,4926
68194,4927
68205,4928
68237,4929
68269,4930
68319,4931
68444,4932
68536,4933
68552,4934
68554,4935
68597,4936
68600,4937
68650,4938
68659,4939
68791,4940
68793,4941
68835,4942
68848,4943
68932,4944
68952,4945
68954,4946
69118,4947
69122,4948
69131,4949
69211,4950
69227,4951
69251,4952
69278,4953
69304,4954
69394,4955
69406,4956
69436,4957
69469,4958
69481,4959
69495,4960
69516,4961
69524,4962
69526,4963
69529,4964
69604,4965
69606,4966
69640,4967
69644,4968
69654,4969
69712,4970
69844,4971
69904,4972
69951,4973
69988,4974
70159,4975
70183,4976
70206,4977
70208,4978
70301,4979
70305,4980
70334,4981
70336,4982
70361,4983
70521,4984
70545,4985
70599,4986
70637,4987
70641,4988
70687,4989
70703,4990
70708,4991
70728,4992
70862,4993
70946,4994
70984,4995
70990,4996
70994,4997
71106,4998
71129,4999
71131,5000
71135,5001
71156,5002
71205,5003
71211,5004
71248,5005
71254,5006
71264,5007
71302,5008
71327,5009
71379,5010
71429,5011
71462,5012
71464,5013
71466,5014
71468,5015
71484,5016
71494,5017
71500,5018
71518,5019
71520,5020
71530,5021
71535,5022
71550,5023
71579,5024
71668,5025
71732,5026
71745,5027
71810,5028
71838,5029
71899,5030
71902,5031
71910,5032
71970,5033
72011,5034
72129,5035
72165,5036
72167,5037
72171,5038
72178,5039
72224,5040
72226,5041
72294,5042
72308,5043
72330,5044
72356,5045
72378,5046
72395,5047
72405,5048
72407,5049
72424,5050
72479,5051
72489,5052
72591,5053
72603,5054
72605,5055
72624,5056
72641,5057
72692,5058
72694,5059
72696,5060
72701,5061
72714,5062
72720,5063
72731,5064
72733,5065
72737,5066
72874,5067
72998,5068
73015,5069
73017,5070
73023,5071
73042,5072
73211,5073
73266,5074
73268,5075
73319,5076
73321,5077
73386,5078
73431,5079
73488,5080
73515,5081
73741,5082
73822,5083
73881,5084
73929,5085
74075,5086
74154,5087
74275,5088
74324,5089
74370,5090
74450,5091
74452,5092
74458,5093
74508,5094
74530,5095
74532,5096
74545,5097
74553,5098
74580,5099
74624,5100
74647,5101
74677,5102
74683,5103
74685,5104
74688,5105
74696,5106
74698,5107
74754,5108
74789,5109
74795,5110
74851,5111
74868,5112
74916,5113
74946,5114
74948,5115
75341,5116
75416,5117
75446,5118
75805,5119
75813,5120
75816,5121
75947,5122
75985,5123
76030,5124
76060,5125
76077,5126
76175,5127
76251,5128
76751,5129
76763,5130
77177,5131
77191,5132
77206,5133
77233,5134
77266,5135
77364,5136
77414,5137
77421,5138
77455,5139
77561,5140
77667,5141
77798,5142
77800,5143
77841,5144
77846,5145
77866,5146
77893,5147
77931,5148
78034,5149
78039,5150
78041,5151
78088,5152
78103,5153
78105,5154
78116,5155
78142,5156
78174,5157
78209,5158
78218,5159
78264,5160
78266,5161
78316,5162
78349,5163
78467,5164
78469,5165
78499,5166
78574,5167
78620,5168
78746,5169
78772,5170
78836,5171
78893,5172
79073,5173
79091,5174
79132,5175
79134,5176
79139,5177
79224,5178
79259,5179
79274,5180
79293,5181
79357,5182
79428,5183
79553,5184
79590,5185
79684,5186
79695,5187
79702,5188
79868,5189
79897,5190
79946,5191
80094,5192
80126,5193
80166,5194
80219,5195
80241,5196
80363,5197
80463,5198
80489,5199
80549,5200
80551,5201
80553,5202
80572,5203
80586,5204
80590,5205
80615,5206
80693,5207
80727,5208
80831,5209
80834,5210
80839,5211
80846,5212
80858,5213
80860,5214
80862,5215
80864,5216
80880,5217
80906,5218
80917,5219
80969,5220
81087,5221
81132,5222
81156,5223
81158,5224
81417,5225
81512,5226
81537,5227
81562,5228
81564,5229
81591,5230
81681,5231
81782,5232
81784,5233
81788,5234
81791,5235
81819,5236
81845,5237
81847,5238
81932,5239
81949,5240
82041,5241
82053,5242
82093,5243
82095,5244
82152,5245
82169,5246
82202,5247
82378,5248
82459,5249
82461,5250
82499,5251
82527,5252
82534,5253
82744,5254
82767,5255
82848,5256
82854,5257
82857,5258
83177,5259
83349,5260
83369,5261
83480,5262
83601,5263
83613,5264
83827,5265
83910,5266
83969,5267
83976,5268
84152,5269
84156,5270
84189,5271
84374,5272
84392,5273
84414,5274
84512,5275
84601,5276
84615,5277
84637,5278
84799,5279
84942,5280
84944,5281
84950,5282
84954,5283
85020,5284
85022,5285
85025,5286
85056,5287
85131,5288
85213,5289
85259,5290
85261,5291
85316,5292
85334,5293
85394,5294
85397,5295
85414,5296
85438,5297
85510,5298
85565,5299
85736,5300
85774,5301
85788,5302
85796,5303
85881,5304
86000,5305
86014,5306
86028,5307
86059,5308
86190,5309
86286,5310
86290,5311
86293,5312
86295,5313
86298,5314
86320,5315
86332,5316
86487,5317
86548,5318
86593,5319
86628,5320
86781,5321
86815,5322
86817,5323
86833,5324
86880,5325
86882,5326
86892,5327
86898,5328
86911,5329
87028,5330
87194,5331
87197,5332
87222,5333
87232,5334
87298,5335
87304,5336
87306,5337
87413,5338
87430,5339
87444,5340
87483,5341
87485,5342
87520,5343
87529,5344
87660,5345
87785,5346
87867,5347
87869,5348
87876,5349
87960,5350
88069,5351
88108,5352
88129,5353
88140,5354
88179,5355
88235,5356
88267,5357
88272,5358
88345,5359
88356,5360
88405,5361
88672,5362
88699,5363
88744,5364
88746,5365
88785,5366
88810,5367
88812,5368
88932,5369
89028,5370
89030,5371
89039,5372
89047,5373
89072,5374
89087,5375
89090,5376
89190,5377
89281,5378
89305,5379
89343,5380
89386,5381
89388,5382
89470,5383
89492,5384
89678,5385
89745,5386
89753,5387
89761,5388
89774,5389
89804,5390
89837,5391
89840,5392
89864,5393
89904,5394
89939,5395
90057,5396
90249,5397
90343,5398
90345,5399
90353,5400
90357,5401
90374,5402
90376,5403
90403,5404
90405,5405
90428,5406
90430,5407
90439,5408
90469,5409
90471,5410
90522,5411
90524,5412
90528,5413
90531,5414
90603,5415
90630,5416
90647,5417
90717,5418
90719,5419
90746,5420
90769,5421
90809,5422
90863,5423
90866,5424
90888,5425
90890,5426
90943,5427
91077,5428
91079,5429
91126,5430
91128,5431
91233,5432
91273,5433
91323,5434
91386,5435
91414,5436
91470,5437
91485,5438
91488,5439
91500,5440
91529,5441
91535,5442
91542,5443
91571,5444
91622,5445
91653,5446
91658,5447
91660,5448
91666,5449
91671,5450
91688,5451
91690,5452
91842,5453
91873,5454
91890,5455
91935,5456
91974,5457
91976,5458
91978,5459
92008,5460
92048,5461
92094,5462
92198,5463
92234,5464
92264,5465
92309,5466
92391,5467
92420,5468
92422,5469
92439,5470
92507,5471
92509,5472
92643,5473
92674,5474
92681,5475
92694,5476
92938,5477
92954,5478
93022,5479
93114,5480
93193,5481
93242,5482
93270,5483
93326,5484
93363,5485
93443,5486
93502,5487
93510,5488
93563,5489
93610,5490
93721,5491
93723,5492
93740,5493
93766,5494
93790,5495
93805,5496
93819,5497
93840,5498
93855,5499
93980,5500
93982,5501
94011,5502
94015,5503
94018,5504
94070,5505
94122,5506
94130,5507
94150,5508
94160,5509
94262,5510
94266,5511
94323,5512
94405,5513
94478,5514
94494,5515
94503,5516
94661,5517
94735,5518
94780,5519
94799,5520
94810,5521
94864,5522
94867,5523
94896,5524
94919,5525
94931,5526
94953,5527
94959,5528
94985,5529
95067,5530
95088,5531
95105,5532
95135,5533
95149,5534
95167,5535
95170,5536
95175,5537
95193,5538
95199,5539
95201,5540
95207,5541
95218,5542
95307,5543
95309,5544
95311,5545
95313,5546
95377,5547
95441,5548
95449,5549
95508,5550
95510,5551
95558,5552
95583,5553
95624,5554
95720,5555
95744,5556
95761,5557
95843,5558
95858,5559
95873,5560
95875,5561
95939,5562
96079,5563
96110,5564
96114,5565
96121,5566
96150,5567
96281,5568
96283,5569
96373,5570
96417,5571
96430,5572
96432,5573
96488,5574
96530,5575
96563,5576
96567,5577
96606,5578
96608,5579
96610,5580
96616,5581
96655,5582
96691,5583
96726,5584
96728,5585
96737,5586
96811,5587
96815,5588
96821,5589
96832,5590
96917,5591
96964,5592
96975,5593
97168,5594
97172,5595
97188,5596
97225,5597
97230,5598
97304,5599
97328,5600
97470,5601
97701,5602
97742,5603
97752,5604
97836,5605
97858,5606
97866,5607
97904,5608
97913,5609
97921,5610
97923,5611
97936,5612
97938,5613
97950,5614
97988,5615
98061,5616
98122,5617
98154,5618
98160,5619
98230,5620
98239,5621
98243,5622
98279,5623
98296,5624
98361,5625
98491,5626
98585,5627
98607,5628
98799,5629
98809,5630
98836,5631
98961,5632
99005,5633
99007,5634
99030,5635
99087,5636
99106,5637
99112,5638
99114,5639
99117,5640
99130,5641
99191,5642
99415,5643
99437,5644
99574,5645
99636,5646
99721,5647
99728,5648
99750,5649
99764,5650
99853,5651
99910,5652
99917,5653
100083,5654
100106,5655
100159,5656
100163,5657
100226,5658
100277,5659
100302,5660
100306,5661
100326,5662
100383,5663
100390,5664
100397,5665
100487,5666
100498,5667
100527,5668
100553,5669
100556,5670
100579,5671
100611,5672
100714,5673
100737,5674
100810,5675
100906,5676
101025,5677
101070,5678
101076,5679
101088,5680
101112,5681
101142,5682
101283,5683
101360,5684
101362,5685
101415,5686
101525,5687
101529,5688
101531,5689
101577,5690
101739,5691
101741,5692
101864,5693
101884,5694
101895,5695
101973,5696
102033,5697
102066,5698
102070,5699
102084,5700
102123,5701
102125,5702
102165,5703
102194,5704
102378,5705
102407,5706
102445,5707
102481,5708
102590,5709
102602,5710
102684,5711
102686,5712
102720,5713
102735,5714
102747,5715
102749,5716
102760,5717
102800,5718
102802,5719
102819,5720
102823,5721
102880,5722
102903,5723
103027,5724
103042,5725
103048,5726
103075,5727
103137,5728
103141,5729
103210,5730
103221,5731
103228,5732
103249,5733
103253,5734
103335,5735
103339,5736
103341,5737
103372,5738
103384,5739
103449,5740
103483,5741
103539,5742
103543,5743
103596,5744
103609,5745
103624,5746
103655,5747
103685,5748
103688,5749
103772,5750
103801,5751
103810,5752
103865,5753
103883,5754
103980,5755
104074,5756
104076,5757
104078,5758
104129,5759
104218,5760
104241,5761
104243,5762
104245,5763
104272,5764
104303,5765
104339,5766
104374,5767
104419,5768
104457,5769
104760,5770
104837,5771
104841,5772
104879,5773
104906,5774
104908,5775
104913,5776
104925,5777
104944,5778
105037,5779
105121,5780
105197,5781
105211,5782
105250,5783
105351,5784
105468,5785
105504,5786
105540,5787
105593,5788
105653,5789
105731,5790
105755,5791
105844,5792
105954,5793
106002,5794
106072,5795
106100,5796
106144,5797
106330,5798
106438,5799
106441,5800
106487,5801
106489,5802
106491,5803
106540,5804
106542,5805
106696,5806
106766,5807
106782,5808
106785,5809
106839,5810
106873,5811
106889,5812
106916,5813
106918,5814
107069,5815
107141,5816
107314,5817
107348,5818
107406,5819
107436,5820
107447,5821
107462,5822
107630,5823
107702,5824
107723,5825
107771,5826
107780,5827
107951,5828
107953,5829
108156,5830
108188,5831
108190,5832
108715,5833
108729,5834
108795,5835
108928,5836
108932,5837
108945,5838
108949,5839
109042,5840
109183,5841
109187,5842
109191,5843
109282,5844
109295,5845
109313,5846
109317,5847
109372,5848
109374,5849
109383,5850
109483,5851
109487,5852
109569,5853
109576,5854
109578,5855
109673,5856
109687,5857
109723,5858
109846,5859
109850,5860
109853,5861
109864,5862
109895,5863
109897,5864
109941,5865
110102,5866
110127,5867
110130,5868
110286,5869
110297,5870
110387,5871
110553,5872
110586,5873
110591,5874
110603,5875
110611,5876
110655,5877
110669,5878
110718,5879
110730,5880
110771,5881
110773,5882
110826,5883
110882,5884
111113,5885
111360,5886
111362,5887
111364,5888
111375,5889
111384,5890
111443,5891
111617,5892
111622,5893
111659,5894
111663,5895
111680,5896
111743,5897
111759,5898
111795,5899
111800,5900
111817,5901
111913,5902
111921,5903
112006,5904
112070,5905
112138,5906
112171,5907
112175,5908
112290,5909
112303,5910
112316,5911
112326,5912
112370,5913
112421,5914
112450,5915
112460,5916
112497,5917
112515,5918
112552,5919
112556,5920
112580,5921
112623,5922
112727,5923
112749,5924
112788,5925
112804,5926
112818,5927
112852,5928
112868,5929
112897,5930
112911,5931
112940,5932
113159,5933
113186,5934
113207,5935
113225,5936
113252,5937
113275,5938
113278,5939
113280,5940
113313,5941
113345,5942
113348,5943
113378,5944
113394,5945
113416,5946
113453,5947
113532,5948
113565,5949
113573,5950
113604,5951
113741,5952
113829,5953
113849,5954
114028,5955
114044,5956
114074,5957
114126,5958
114180,5959
114184,5960
114246,5961
114265,5962
114396,5963
114601,5964
114662,5965
114670,5966
114707,5967
114713,5968
114762,5969
114795,5970
114818,5971
114925,5972
114935,5973
115065,5974
115122,5975
115149,5976
115151,5977
115170,5978
115203,5979
115210,5980
115216,5981
115231,5982
115502,5983
115569,5984
115617,5985
115664,5986
115680,5987
115713,5988
115819,5989
115969,5990
116044,5991
116138,5992
116169,5993
116207,5994
116413,5995
116419,5996
116529,5997
116668,5998
116724,5999
116797,6000
116799,6001
116849,6002
116887,6003
116897,6004
116941,6005
116963,6006
116977,6007
117107,6008
117109,6009
117133,6010
117176,6011
117364,6012
117368,6013
117444,6014
117466,6015
117529,6016
117533,6017
117590,6018
117851,6019
117867,6020
117881,6021
117887,6022
117922,6023
118082,6024
118166,6025
118198,6026
118248,6027
118290,6028
118326,6029
118354,6030
118572,6031
118696,6032
118700,6033
118702,6034
118706,6035
118784,6036
118814,6037
118834,6038
118862,6039
118880,6040
118894,6041
118896,6042
118900,6043
118924,6044
118985,6045
119141,6046
119145,6047
119155,6048
119218,6049
119655,6050
119714,6051
119964,6052
120138,6053
120466,6054
120478,6055
120625,6056
120635,6057
120761,6058
120783,6059
120799,6060
120919,6061
121007,6062
121169,6063
121171,6064
121231,6065
122092,6066
122246,6067
122882,6068
122884,6069
122890,6070
122892,6071
122896,6072
122898,6073
122900,6074
122902,6075
122906,6076
122916,6077
122920,6078
122922,6079
122924,6080
122932,6081
123310,6082
123545,6083
123947,6084
124484,6085
124851,6086
124853,6087
124859,6088
125221,6089
125914,6090
125916,6091
125970,6092
125974,6093
126420,6094
126482,6095
126548,6096
126921,6097
127096,6098
127108,6099
127114,6100
127116,6101
127130,6102
127132,6103
127134,6104
127146,6105
127180,6106
127184,6107
127194,6108
127198,6109
127202,6110
127204,6111
127212,6112
127298,6113
127319,6114
127323,6115
128197,6116
128360,6117
128366,6118
128488,6119
128512,6120
128520,6121
128542,6122
128592,6123
128620,6124
128736,6125
128832,6126
128838,6127
128908,6128
128968,6129
128975,6130
129250,6131
129313,6132
129333,6133
129354,6134
129428,6135
129657,6136
129737,6137
129937,6138
130050,6139
130052,6140
130450,6141
130452,6142
130482,6143
130520,6144
130576,6145
130578,6146
130634,6147
130842,6148
130976,6149
130978,6150
131013,6151
131023,6152
131098,6153
131104,6154
131130,6155
131237,6156
131439,6157
131578,6158
131610,6159
131656,6160
131714,6161
131739,6162
131796,6163
131920,6164
132046,6165
132153,6166
132157,6167
132335,6168
132362,6169
132422,6170
132424,6171
132454,6172
132488,6173
132496,6174
132618,6175
132660,6176
132796,6177
132800,6178
133195,6179
133281,6180
133365,6181
133377,6182
133419,6183
133545,6184
133645,6185
133712,6186
133771,6187
133780,6188
133782,6189
133798,6190
133802,6191
133832,6192
133867,6193
134004,6194
134041,6195
134095,6196
134109,6197
134130,6198
134158,6199
134170,6200
134214,6201
134246,6202
134248,6203
134334,6204
134368,6205
134393,6206
134515,6207
134524,6208
134528,6209
134775,6210
134783,6211
134796,6212
134847,6213
134849,6214
134853,6215
134859,6216
134881,6217
135137,6218
135143,6219
135198,6220
135288,6221
135436,6222
135518,6223
135532,6224
135534,6225
135567,6226
135569,6227
135787,6228
135861,6229
135885,6230
135887,6231
135937,6232
136016,6233
136018,6234
136020,6235
136305,6236
136471,6237
136503,6238
136511,6239
136540,6240
136556,6241
136562,6242
136564,6243
136598,6244
136654,6245
136664,6246
136666,6247
136778,6248
136786,6249
136800,6250
136850,6251
136864,6252
136912,6253
137337,6254
137345,6255
137595,6256
137857,6257
138036,6258
138204,6259
138208,6260
138396,6261
138546,6262
138610,6263
138632,6264
138702,6265
138798,6266
138966,6267
139052,6268
139385,6269
139415,6270
139642,6271
139644,6272
139717,6273
139747,6274
139855,6275
139857,6276
139994,6277
140038,6278
140110,6279
140133,6280
140162,6281
140174,6282
140237,6283
140267,6284
140301,6285
140525,6286
140711,6287
140715,6288
140725,6289
140737,6290
140850,6291
140928,6292
140956,6293
141004,6294
141400,6295
141408,6296
141422,6297
141513,6298
141544,6299
141668,6300
141688,6301
141718,6302
141749,6303
141799,6304
141810,6305
141830,6306
141836,6307
141846,6308
141866,6309
141890,6310
141928,6311
141994,6312
142074,6313
142115,6314
142196,6315
142372,6316
142422,6317
142448,6318
142456,6319
142488,6320
142507,6321
142509,6322
142536,6323
142550,6324
142558,6325
142598,6326
142831,6327
142961,6328
142997,6329
143001,6330
143031,6331
143245,6332
143255,6333
143257,6334
143355,6335
143367,6336
143385,6337
143410,6338
143458,6339
143472,6340
143511,6341
143525,6342
144262,6343
144606,6344
144620,6345
144714,6346
144716,6347
144734,6348
144976,6349
145150,6350
145418,6351
145724,6352
145839,6353
145935,6354
145994,6355
146210,6356
146244,6357
146309,6358
146656,6359
146682,6360
146688,6361
146730,6362
146986,6363
147002,6364
147142,6365
147196,6366
147282,6367
147410,6368
148166,6369
148172,6370
148238,6371
148424,6372
148482,6373
148592,6374
148626,6375
148632,6376
148652,6377
148671,6378
148709,6379
148881,6380
148888,6381
148956,6382
148978,6383
149011,6384
149144,6385
149146,6386
149330,6387
149334,6388
149352,6389
149354,6390
149406,6391
149508,6392
149590,6393
149612,6394
149830,6395
149902,6396
150254,6397
150401,6398
150554,6399
151311,6400
151315,6401
151317,6402
151455,6403
151501,6404
151557,6405
151559,6406
151653,6407
151687,6408
151695,6409
151745,6410
151769,6411
151777,6412
152063,6413
152065,6414
152071,6415
152077,6416
152079,6417
152081,6418
152083,6419
152085,6420
152105,6421
152270,6422
152591,6423
152970,6424
153070,6425
153408,6426
154065,6427
155064,6428
155659,6429
155743,6430
155774,6431
155812,6432
155820,6433
155892,6434
156025,6435
156553,6436
156605,6437
156609,6438
156706,6439
157122,6440
157130,6441
157200,6442
157270,6443
157296,6444
157312,6445
157340,6446
157369,6447
157407,6448
157432,6449
157699,6450
157865,6451
158238,6452
158254,6453
158528,6454
158783,6455
158813,6456
158830,6457
158842,6458
158872,6459
158956,6460
158966,6461
158972,6462
159077,6463
159093,6464
159193,6465
159403,6466
159415,6467
159441,6468
159510,6469
159690,6470
159717,6471
159755,6472
159779,6473
159858,6474
159976,6475
160080,6476
160271,6477
160289,6478
160400,6479
160422,6480
160438,6481
160440,6482
160527,6483
160563,6484
160565,6485
160569,6486
160571,6487
160573,6488
160644,6489
160646,6490
160684,6491
160718,6492
160730,6493
160836,6494
160848,6495
160872,6496
160954,6497
160978,6498
160980,6499
161008,6500
161044,6501
161127,6502
161131,6503
161290,6504
161354,6505
161580,6506
161582,6507
161594,6508
161634,6509
161922,6510
162350,6511
162478,6512
162578,6513
162590,6514
162598,6515
162600,6516
162602,6517
162606,6518
162828,6519
163056,6520
163639,6521
163645,6522
163809,6523
163981,6524
163985,6525
164179,6526
164226,6527
164280,6528
164367,6529
164540,6530
164655,6531
164753,6532
164909,6533
164917,6534
165075,6535
165101,6536
165103,6537
165139,6538
165343,6539
165347,6540
165489,6541
165529,6542
165549,6543
165551,6544
165635,6545
165645,6546
165843,6547
165969,6548
166015,6549
166024,6550
166291,6551
166461,6552
166492,6553
166526,6554
166558,6555
166568,6556
166635,6557
166643,6558
166705,6559
166946,6560
167064,6561
167296,6562
167370,6563
167380,6564
167538,6565
167570,6566
167634,6567
167732,6568
167746,6569
167790,6570
168250,6571
168252,6572
168254,6573
168326,6574
168350,6575
168358,6576
168366,6577
168418,6578
168456,6579
168492,6580
168608,6581
168612,6582
168712,6583
169670,6584
169904,6585
169958,6586
169982,6587
170289,6588
170401,6589
170551,6590
170813,6591
170817,6592
170827,6593
170837,6594
170875,6595
170897,6596
170907,6597
170937,6598
170939,6599
170945,6600
170957,6601
171011,6602
171023,6603
171701,6604
171759,6605
171763,6606
171765,6607
171811,6608
171867,6609
172013,6610
172229,6611
172461,6612
172547,6613
172577,6614
172705,6615
173145,6616
173197,6617
173205,6618
173209,6619
173291,6620
173751,6621
173941,6622
173963,6623
174045,6624
174055,6625
174141,6626
174727,6627
174815,6628
174909,6629
175197,6630
175199,6631
175303,6632
175387,6633
175475,6634
175485,6635
175569,6636
175585,6637
175661,6638
175705,6639
176101,6640
176371,6641
176389,6642
176419,6643
176423,6644
176601,6645
176751,6646
176805,6647
176935,6648
177285,6649
177615,6650
177763,6651
177765,6652
178323,6653
178613,6654
178615,6655
178827,6656
179053,6657
179119,6658
179133,6659
179135,6660
179401,6661
179709,6662
179749,6663
179819,6664
179953,6665
180031,6666
180045,6667
180095,6668
180231,6669
180263,6670
180265,6671
180297,6672
180497,6673
180985,6674
180987,6675
181315,6676
181719,6677
182293,6678
182297,6679
182299,6680
182715,6681
182727,6682
182731,6683
182823,6684
183011,6685
183199,6686
183295,6687
183317,6688
183611,6689
183635,6690
183897,6691
183911,6692
184015,6693
184253,6694
184257,6695
184471,6696
184721,6697
184931,6698
184987,6699
185029,6700
185033,6701
185473,6702
186587,6703
187031,6704
187541,6705
187593,6706
187595,6707
188189,6708
188301,6709
188797,6710
188833,6711
189043,6712
189547,6713
189713,6714
190183,6715
190207,6716
190219,6717
191005,6718
193565,6719
193573,6720
193581,6721
193583,6722
193585,6723
193587,6724
